{"cameraMode":{"drawMode":0,"name":"Shaded","section":"Shading Mode"},"sceneLighting":false,"audioPlay":false,"sceneViewState":{"showFog":true,"showMaterialUpdate":false,"showSkybox":false,"showFlares":true,"showImageEffects":true,"showParticleSystems":true},"in2DMode":false,"pivot":{"x":0.0027068257331848146,"y":0.4819421172142029,"z":-0.0011414587497711182},"rotation":{"x":-0.2680712342262268,"y":0.6602853536605835,"z":-0.2740723490715027,"w":-0.6457905173301697},"size":2.142988443374634,"orthographic":false}