{"cameraMode":{"drawMode":0,"name":"Shaded","section":"Shading Mode"},"sceneLighting":false,"audioPlay":false,"sceneViewState":{"showFog":true,"showMaterialUpdate":false,"showSkybox":false,"showFlares":true,"showImageEffects":true,"showParticleSystems":true},"in2DMode":false,"pivot":{"x":-0.3832719326019287,"y":1.1519674062728882,"z":-2.3368704319000246},"rotation":{"x":-0.004176363814622164,"y":0.9957987666130066,"z":-0.0602746456861496,"w":-0.0688071995973587},"size":4.720234394073486,"orthographic":false}