{"cameraMode":{"drawMode":0,"name":"Shaded","section":"Shading Mode"},"sceneLighting":false,"audioPlay":false,"sceneViewState":{"showFog":true,"showMaterialUpdate":false,"showSkybox":false,"showFlares":true,"showImageEffects":true,"showParticleSystems":true},"in2DMode":false,"pivot":{"x":-3.3284902572631838,"y":0.7912454009056091,"z":-4.7955427169799809},"rotation":{"x":0.44562599062919619,"y":-0.3576947748661041,"z":0.20027652382850648,"w":0.7958399653434753},"size":0.36818280816078188,"orthographic":false}