{"cameraMode":{"drawMode":0,"name":"Shaded","section":"Shading Mode"},"sceneLighting":false,"audioPlay":false,"sceneViewState":{"showFog":true,"showMaterialUpdate":false,"showSkybox":false,"showFlares":true,"showImageEffects":true,"showParticleSystems":true},"in2DMode":false,"pivot":{"x":-0.07895836979150772,"y":0.1750970184803009,"z":0.0007686614990234375},"rotation":{"x":-0.0007395425345748663,"y":-0.9817309379577637,"z":0.1902347356081009,"w":-0.0038171408232301475},"size":1.3074101209640504,"orthographic":false}