{"cameraMode":{"drawMode":0,"name":"Shaded","section":"Shading Mode"},"sceneLighting":false,"audioPlay":false,"sceneViewState":{"showFog":true,"showMaterialUpdate":false,"showSkybox":false,"showFlares":true,"showImageEffects":true,"showParticleSystems":true},"in2DMode":false,"pivot":{"x":-1.25,"y":1.4499999284744263,"z":0.11676134914159775},"rotation":{"x":0.15858863294124604,"y":0.8109415769577026,"z":-0.2564724087715149,"w":0.5014433264732361},"size":6.333683490753174,"orthographic":false}