{"cameraMode":{"drawMode":0,"name":"Shaded","section":"Shading Mode"},"sceneLighting":true,"audioPlay":false,"sceneViewState":{"showFog":true,"showMaterialUpdate":false,"showSkybox":true,"showFlares":true,"showImageEffects":true,"showParticleSystems":true},"in2DMode":false,"pivot":{"x":17.52912712097168,"y":-0.4308714270591736,"z":0.4210131764411926},"rotation":{"x":-0.15392041206359864,"y":-0.804509162902832,"z":0.23709450662136079,"w":-0.5223599076271057},"size":14.121455192565918,"orthographic":false}